handle,FBT
light-duty-rod-actuator,mb1-bracket/two-channel-remote-control-system/mb6/toggle-switch
super-duty-actuators,mb-17-mounting-bracket-for-super-duty-actuators/synchronous-control-board/rocker-switches-for-linear-actuators-momentary-and-sustaining/two-channel-remote-control-system
utility-linear-actuators,mb1-bracket/two-channel-remote-control-system/synchronous-control-board/rocker-switches-for-linear-actuators-momentary-and-sustaining
adjustable-stroke-linear-actuators,mb1-p/mb6-p-bracket/mb-pb-premium-base-mounting-bracket/rocker-switches-for-linear-actuators-momentary-and-sustaining
bullet-series-35-cal-linear-actuators,mb35-mounting-bracket/two-channel-remote-control-system/rocker-switches-for-linear-actuators-momentary-and-sustaining/synchronous-control-board
deluxe-rod-actuator,mb3/mb3u/rocker-switches-for-linear-actuators-momentary-and-sustaining/toggle-switch
heavy-duty,mb3/mb3u/external-limit-switch-kit-for-actuators/two-channel-remote-control-system
premium-linear-actuators,mb1-p/mb-pb-premium-base-mounting-bracket/mb6-p-bracket/mb10-bracket
premium-high-force-linear-actuators,mb1-p/two-channel-remote-control-system/rocker-switches-for-linear-actuators-momentary-and-sustaining/toggle-switch
feedback-rod-actuator,mb1-bracket/mb6/mb10-bracket/toggle-switch
heavy-duty-track-actuator,mb5/external-limit-switch-kit-for-actuators
high-speed-actuator,mb8-bracket/dc-power-adaptor/rocker-switches-for-linear-actuators-momentary-and-sustaining/external-limit-switch-kit-for-actuators
mini-track-actuator,mb1-bracket/mb9-bracket/external-limit-switch-kit-for-actuators/rocker-switches-for-linear-actuators-momentary-and-sustaining
os-series,mb1-p/mb10-bracket/mb-pb-premium-base-mounting-bracket/synchronous-control-board
tubular-linear-actuator,mb2/dc-power-adaptor/rocker-switches-for-linear-actuators-momentary-and-sustaining/two-channel-remote-control-system
mini-rod-actuator,mb1-bracket/mb6/external-limit-switch-kit-for-actuators/dc-power-adaptor
bullet-series-mini-actuators,mb14-bracket/dc-power-adaptor/rocker-switches-for-linear-actuators-momentary-and-sustaining/two-channel-remote-control-system
bullet-series-50-cal-linear-actuators,mb50-mounting-bracket/two-channel-remote-control-system/mb50u-mounting-bracket/ac-to-dc-power-adaptor-12v-30a
heavy-duty-linear-actuator-ip66,mb3/mb3u/dc-power-adaptor/two-channel-remote-control-system
bullet-series-36-cal-linear-actuators,mb36c/mb36sm-mounting-bracket/two-channel-remote-control-system/synchronous-control-board
bullet-series-23-cal,mb14-bracket/rocker-switches-for-linear-actuators-momentary-and-sustaining/toggle-switch/mb36sm-mounting-bracket
industrial-heavy-duty-linear-actuators,external-limit-switch-kit-for-actuators/rocker-switches-for-linear-actuators-momentary-and-sustaining/toggle-switch/mb3u
micro-actuators,two-channel-remote-control-system/toggle-switch/synchronous-control-board/rocker-switches-for-linear-actuators-momentary-and-sustaining
micro-actuators-12v,two-channel-remote-control-system/toggle-switch/rocker-switches-for-linear-actuators-momentary-and-sustaining/dc-power-adaptor